{"mass":0.61,"centerOfMass":[0,0,0.0575],"transformation":[0.3536,-0.3536,-0.866,0,0.7071,0.7071,0,0,0.6124,-0.6124,0.5,0,0.0403,-0.0403,0.12,1],"inertia":[0.000883318125,0,0,0,0.000883318125,0,0,0,0.00030263625]}